<?xml version="1.0" encoding="UTF-8"?>
<project-private xmlns="http://www.netbeans.org/ns/project-private/1">
    <editor-bookmarks xmlns="http://www.netbeans.org/ns/editor-bookmarks/2" lastBookmarkId="0"/>
    <open-files xmlns="http://www.netbeans.org/ns/projectui-open-files/2">
        <group>
            <file>file:/C:/Users/User/Documents/AA%20Nicole%20UVG/4to%20año/Digital%202/Digital-2/Proyecto1/Esclavo1.X/Libreria_ADC.c</file>
            <file>file:/C:/Users/User/Documents/AA%20Nicole%20UVG/4to%20año/Digital%202/Digital-2/Proyecto1/Esclavo1.X/main.c</file>
        </group>
    </open-files>
</project-private>
